{
  "hash": "5818ff8e",
  "configHash": "9081a84e",
  "lockfileHash": "7b29d1fc",
  "browserHash": "83bb051c",
  "optimized": {
    "@angular/core": {
      "src": "../../../../../node_modules/@angular/core/fesm2022/core.mjs",
      "file": "@angular_core.js",
      "fileHash": "3fffd51c",
      "needsInterop": false
    },
    "@angular/platform-browser": {
      "src": "../../../../../node_modules/@angular/platform-browser/fesm2022/platform-browser.mjs",
      "file": "@angular_platform-browser.js",
      "fileHash": "0a1a2bd9",
      "needsInterop": false
    },
    "@angular/router": {
      "src": "../../../../../node_modules/@angular/router/fesm2022/router.mjs",
      "file": "@angular_router.js",
      "fileHash": "44c524c4",
      "needsInterop": false
    }
  },
  "chunks": {
    "chunk-TO7NWXHW": {
      "file": "chunk-TO7NWXHW.js"
    },
    "chunk-KBVIVJBD": {
      "file": "chunk-KBVIVJBD.js"
    }
  }
}